<?xml version="1.0" encoding="UTF-8"?>
<configuration>
    <!--设置变量，下面有用到。含义是日志保存路径-->
    <property name="log.path" value="/data/log" />

    <!--输出到控制台-->
    <appender name="console" class="ch.qos.logback.core.ConsoleAppender">
        <!-- 级别过滤 -->
        <filter class="ch.qos.logback.classic.filter.LevelFilter">
            <level>INFO</level>
            <onMatch>ACCEPT</onMatch>
            <onMismatch>DENY</onMismatch>
        </filter>
        <!--日志输出格式-->
        <encoder>
            <pattern>%d{HH:mm:ss.SSS} %msg%n</pattern>
        </encoder>
    </appender>

    <!--输出到文件-->
    <appender name="file" class="ch.qos.logback.core.rolling.RollingFileAppender">
        <!--日志名，用到了上面配置的路径-->
        <file>${log.path}/server_inter.log</file>
        <!--根据yyyy-MM-dd所以是每天新建文件，也可以设置其它格式，如每月或每分-->
        <rollingPolicy class="ch.qos.logback.core.rolling.TimeBasedRollingPolicy">
            <fileNamePattern>${log.path}/server_inter.%d{yyyy-MM-dd}.log.zip</fileNamePattern>
        </rollingPolicy>
        <encoder>
            <pattern>%msg%n</pattern>
        </encoder>
    </appender>

    <!--设置日志隔离级别-->
    <root level="info">
        <appender-ref ref="console"/>
    </root>

    <logger name="com.imooc.controller.DataController" level="INFO" additivity="false">
        <appender-ref ref="file"/>
    </logger>


</configuration>